{
	"credit": "Made with Blockbench",
	"texture_size": [64, 64],
	"textures": {
		"0": "item/cheese"
	},
	"elements": [
		{
			"from": [2, 4, 2],
			"to": [14, 6, 14],
			"rotation": {"angle": 0, "axis": "y", "origin": [7, 4, 0]},
			"faces": {
				"north": {"uv": [7.5, 3, 10.5, 3.5], "texture": "#0"},
				"east": {"uv": [7.5, 3.5, 10.5, 4], "texture": "#0"},
				"south": {"uv": [7.5, 4, 10.5, 4.5], "texture": "#0"},
				"west": {"uv": [7.5, 4.5, 10.5, 5], "texture": "#0"},
				"up": {"uv": [3, 10, 0, 7], "texture": "#0"},
				"down": {"uv": [6, 7, 3, 10], "texture": "#0"}
			}
		},
		{
			"from": [-2, 2, 2],
			"to": [12, 3, 16],
			"rotation": {"angle": 22.5, "axis": "y", "origin": [4, 2, 1]},
			"faces": {
				"north": {"uv": [9, 7.5, 12.5, 7.75], "texture": "#0"},
				"east": {"uv": [9, 7.75, 12.5, 8], "texture": "#0"},
				"south": {"uv": [9, 8, 12.5, 8.25], "texture": "#0"},
				"west": {"uv": [9, 8.25, 12.5, 8.5], "texture": "#0"},
				"up": {"uv": [7.5, 3.5, 4, 0], "texture": "#0"},
				"down": {"uv": [7.5, 3.5, 4, 7], "texture": "#0"}
			}
		},
		{
			"from": [0, 3, 1],
			"to": [16, 4, 15],
			"rotation": {"angle": 0, "axis": "y", "origin": [7, 3, 0]},
			"faces": {
				"north": {"uv": [9, 7, 13, 7.25], "texture": "#0"},
				"east": {"uv": [9, 8.5, 12.5, 8.75], "texture": "#0"},
				"south": {"uv": [9, 7.25, 13, 7.5], "texture": "#0"},
				"west": {"uv": [9, 8.75, 12.5, 9], "texture": "#0"},
				"up": {"uv": [4, 3.5, 0, 0], "texture": "#0"},
				"down": {"uv": [4, 3.5, 0, 7], "texture": "#0"}
			}
		},
		{
			"from": [2, 0, 2],
			"to": [14, 2, 14],
			"rotation": {"angle": 0, "axis": "y", "origin": [7, 0, 0]},
			"faces": {
				"north": {"uv": [7.5, 5, 10.5, 5.5], "texture": "#0"},
				"east": {"uv": [7.5, 5.5, 10.5, 6], "texture": "#0"},
				"south": {"uv": [7.5, 6, 10.5, 6.5], "texture": "#0"},
				"west": {"uv": [7.5, 6.5, 10.5, 7], "texture": "#0"},
				"up": {"uv": [9, 10, 6, 7], "texture": "#0"},
				"down": {"uv": [10.5, 0, 7.5, 3], "texture": "#0"}
			}
		}
	],
	"display": {
		"thirdperson_righthand": {
			"translation": [0, 0, -1.75],
			"scale": [0.41406, 0.41406, 0.41406]
		},
		"thirdperson_lefthand": {
			"translation": [0, 0, -1.75],
			"scale": [0.41406, 0.41406, 0.41406]
		},
		"firstperson_righthand": {
			"translation": [-4, 7.5, 3.75],
			"scale": [0.41797, 0.41797, 0.41797]
		},
		"firstperson_lefthand": {
			"translation": [-4, 7, 3],
			"scale": [0.41406, 0.41406, 0.41406]
		},
		"ground": {
			"translation": [0, 0.75, 0],
			"scale": [0.41406, 0.41406, 0.41406]
		},
		"gui": {
			"rotation": [13.89, 1.09, 13.98],
			"translation": [-1, 2.75, 0]
		},
		"head": {
			"translation": [0, -2.25, -8.5],
			"scale": [0.41406, 0.41406, 0.41406]
		},
		"fixed": {
			"rotation": [-90, 0, 0],
			"translation": [0, 0, -6.25]
		}
	},
	"groups": [
		{
			"name": "toppatty",
			"origin": [7, 3, 0],
			"color": 0,
			"children": [0]
		},
		{
			"name": "steak",
			"origin": [7, 0, 0],
			"color": 0,
			"children": [1]
		},
		{
			"name": "cheese",
			"origin": [7, 2, 0],
			"color": 0,
			"children": [2]
		},
		{
			"name": "bottompatty",
			"origin": [8, 8, 8],
			"color": 0,
			"children": [3]
		}
	]
}